rider_name,velocategory,veloscore,zwift_id,team,team_color,team_bg,stage1_time,stage1_veloscore,stage1_velocategory,stage2_time,stage2_veloscore,stage2_velocategory,stage3_time,stage3_veloscore,stage3_velocategory,stage4_time,stage4_veloscore,stage4_velocategory,stage5_time,stage5_veloscore,stage5_velocategory,gc_time
Markus Schweizer,1,3536,6863000,WEz pb Cycling District,ffffff,4e4e4e,00:31:58,3531,1,00:48:22,3536,1,00:13:32,3536,1,-,-,-,-,-,-,01:33:52
Brandon Quinton,1,2251,7250325,-,00dd00,,00:32:32,2251,1,-,-,-,-,-,-,-,-,-,-,-,-,00:32:32
Mads Buster,1,2920,4860176,SISU Racing,ffffff,1f1582,00:33:01,2920,1,-,-,-,-,-,-,-,-,-,-,-,-,00:33:01
Andr&eacute;  Jones (A-P-V),2,2049,5428334,A-P-V,ffffff,0073b7,00:33:01,2049,2,-,-,-,-,-,-,-,-,-,-,-,-,00:33:01
Akira  CafeLatte,2,2173,1377319,-,00dd00,,00:33:01,2173,2,-,-,-,-,-,-,-,-,-,-,-,-,00:33:01
Martin Coffey,1,2460,3428761,A-P-V,ffffff,0073b7,00:33:02,2460,1,-,-,-,-,-,-,-,-,-,-,-,-,00:33:02
Mike Leahy,2,1966,5977246,-,00dd00,,00:33:02,1966,2,-,-,-,-,-,-,-,-,-,-,-,-,00:33:02
Ben  Spedding [TNP],2,2049,5959135,Team Not Pogi,ff0000,ffffff,00:33:10,2008,2,00:51:47,2053,2,00:17:19,2049,2,-,-,-,-,-,-,01:42:16
Garth Haigh,2,1925,1070115,ZSUNR,ffd808,1c1300,00:35:38,1925,2,-,-,-,-,-,-,-,-,-,-,-,-,00:35:38
Abdullah Ak&ccedil;am,3,1848,6730421,Zwift TURKIYE,ffffff,fa000c,00:37:50,1848,3,-,-,-,-,-,-,-,-,-,-,-,-,00:37:50
Andrew Stamp(RollCo),4,1625,7166418,RollCo,8b5cf6,f2f0ef,00:36:52,1618,4,00:52:09,1625,4,-,-,-,-,-,-,-,-,-,01:29:01
Phil Cox (TNP),4,1398,5277640,Team Not Pogi,ff0000,ffffff,00:42:47,1450,4,01:47:04,1406,5,00:21:41,1398,5,-,-,-,-,-,-,02:51:32
Olivier Simonin,6,1167,7229860,-,00dd00,,00:38:03,1086,7,00:55:06,1106,7,00:19:42,1167,6,-,-,-,-,-,-,01:52:51
Simon Baker,5,1355,9152,Team Not Pogi,ff0000,ffffff,00:39:23,1332,5,00:53:36,1348,5,00:19:21,1355,5,-,-,-,-,-,-,01:52:20
Roberto Delgado Hynes,5,1360,6786487,Team Not Pogi,ff0000,ffffff,00:39:47,1360,5,-,-,-,-,-,-,-,-,-,-,-,-,00:39:47
Evan  Carouchio,7,1081,1087000,-,00dd00,,00:41:56,1090,7,00:58:18,1081,7,-,-,-,-,-,-,-,-,-,01:40:14
Mark SMITH6725,5,1378,1448728,CTT,ffffff,0073b7,00:44:34,1378,5,-,-,-,-,-,-,-,-,-,-,-,-,00:44:34
Sam Godfrey,6,1167,7559643,-,00dd00,,00:45:18,1167,6,-,-,-,-,-,-,-,-,-,-,-,-,00:45:18
Rikke Rasmussen #DBM#,10,612,5302599,DBM,ffffff,0073b7,00:48:09,612,10,-,-,-,-,-,-,-,-,-,-,-,-,00:48:09
Stuart Haigh,10,267,1500543,-,00dd00,,00:58:31,267,10,-,-,-,-,-,-,-,-,-,-,-,-,00:58:31
Yassine Sissi,1,2759,3044689,Team Not Pogi,ff0000,ffffff,00:33:16,2751,1,00:46:30,2759,1,-,-,-,-,-,-,-,-,-,01:19:46
Remco Vanhoutte [A-P-V],1,2482,6952720,A-P-V,ffffff,0073b7,00:33:17,2455,1,00:46:30,2483,1,00:16:05,2482,1,-,-,-,-,-,-,01:35:52
Kaan Kayin [HEX],1,2939,3440848,HEXAGONE.CC,ffffff,ea5b0c,00:33:18,2939,1,-,-,-,-,-,-,-,-,-,-,-,-,00:33:18
Rasmus Fischer,2,1998,5457596,COALITION,ffffff,ff00ff,00:33:21,1998,2,-,-,-,-,-,-,-,-,-,-,-,-,00:33:21
Gregory Whitehead [A-PEX VELO],1,2377,7064533,A-P-V,ffffff,0073b7,00:33:21,2377,1,00:48:56,2377,1,-,-,-,-,-,-,-,-,-,01:22:17
Harris Waters(ATGNI),1,2321,4730842,ATGNI,ffffff,0073b7,00:33:21,2312,1,00:46:32,2321,1,00:16:52,2321,1,-,-,-,-,-,-,01:36:45
Keegan McCormick [A-P-V],1,2303,6006740,A-P-V,ffffff,0073b7,00:33:21,2284,1,00:46:32,2291,1,00:15:21,2303,1,-,-,-,-,-,-,01:35:14
Lennart Pol,1,2266,3006259,RHINO,ff66c4,272c52,00:33:21,2266,1,-,-,-,-,-,-,-,-,-,-,-,-,00:33:21
John Harrison [A-P-V],1,2408,3574073,A-P-V,ffffff,0073b7,00:33:22,2408,1,-,-,-,-,-,-,-,-,-,-,-,-,00:33:22
Alex Aronne,2,1940,6740453,-,00dd00,,00:33:22,1940,2,-,-,-,-,-,-,-,-,-,-,-,-,00:33:22
Kim  Damgaard (DZR),2,2145,3815411,DZR,ffffff,ff0000,00:33:22,2145,2,-,-,-,-,-,-,-,-,-,-,-,-,00:33:22
Dan Groom,1,2383,1719043,Njinga Cycling,ffff00,000000,00:33:24,2385,1,00:46:35,2383,1,-,-,-,-,-,-,-,-,-,01:19:59
Alan   Glendinning,1,2356,399059,LEVEL Esports,ffffff,5ce409,00:33:24,2356,1,-,-,-,-,-,-,-,-,-,-,-,-,00:33:24
Ezna Ragrts,3,1845,8159437,-,00dd00,,00:33:35,1845,3,-,-,-,-,-,-,-,-,-,-,-,-,00:33:35
Luke Walton,1,2282,2570886,VenTech,ffffff,0073b7,00:33:45,2282,1,-,-,-,-,-,-,-,-,-,-,-,-,00:33:45
Timothy Pettersson,3,1827,7214250,-,00dd00,,00:33:48,1827,3,-,-,-,-,-,-,-,-,-,-,-,-,00:33:48
Jay Rowe,2,2062,6715306,RtB,ffa200,ffffff,00:34:54,2047,2,00:46:35,2059,2,00:17:07,2062,2,-,-,-,-,-,-,01:38:36
Adrian Montanez,2,1966,1246463,COALITION,ffffff,ff00ff,00:35:33,1966,2,-,-,-,-,-,-,-,-,-,-,-,-,00:35:33
Mark Hayes [PWCC],2,1958,1511742,Team Not Pogi,ff0000,ffffff,00:35:37,1958,2,-,-,-,-,-,-,-,-,-,-,-,-,00:35:37
Matthieu De Smet,1,2840,6853346,Team Not Pogi,ff0000,ffffff,00:42:14,2853,1,00:46:32,2835,1,00:14:08,2840,1,-,-,-,-,-,-,01:42:54
Robert McEwan,3,1846,619770,Team Not Pogi,ff0000,ffffff,00:33:49,1838,3,00:51:06,1843,3,00:17:21,1846,3,-,-,-,-,-,-,01:42:16
dwaine henderson,3,1789,7533529,Team Not Pogi,ff0000,ffffff,00:35:34,1789,3,-,-,-,-,-,-,-,-,-,-,-,-,00:35:34
Christian Brown (Rhino),4,1575,473195,RHINO,ff66c4,272c52,00:35:51,1575,4,-,-,-,-,-,-,-,-,-,-,-,-,00:35:51
David Fisher (Team CLS),2,1948,171996,Team CLS,04a941,ffffff,00:35:56,1948,2,-,-,-,-,-,-,-,-,-,-,-,-,00:35:56
Hans Fischer,4,1598,1260221,DZR,ffffff,ff0000,00:36:23,1598,4,-,-,-,-,-,-,-,-,-,-,-,-,00:36:23
Mark Williams (RollCo),4,1518,6343143,RollCo,8b5cf6,f2f0ef,00:36:34,1518,4,-,-,-,-,-,-,-,-,-,-,-,-,00:36:34
Heinz Ensen (Herd),4,1564,3614977,HERD,383c3d,fc6719,00:37:22,1571,4,00:51:56,1573,4,00:20:45,1564,4,-,-,-,-,-,-,01:50:03
L ook mum no hands (RollCo),4,1509,6311857,RollCo,8b5cf6,f2f0ef,00:37:39,1502,4,00:52:00,1510,4,00:19:19,1509,4,-,-,-,-,-,-,01:48:58
Chris Wooly [SRT],5,1448,5981378,S R T,f7f700,1c30e8,00:37:39,1436,5,00:52:01,1440,5,00:20:01,1448,5,-,-,-,-,-,-,01:49:41
L.Tanis[Ghost],4,1494,6997588,&#128123; Ghost &#128123;,000000,e3e3e3,00:38:05,1512,4,00:51:57,1519,4,00:20:22,1494,4,-,-,-,-,-,-,01:50:24
Carlos Barreiros,4,1547,5667771,HERC,ffffff,ff007f,00:38:06,1571,4,00:55:02,1547,4,-,-,-,-,-,-,-,-,-,01:33:08
Mathieu Brisebois-Boies (Rhinos),4,1505,1558307,RHINO,ff66c4,272c52,00:39:45,1493,4,00:51:56,1511,4,00:20:16,1505,4,-,-,-,-,-,-,01:51:57
B. Copestake,4,1630,7799511,Team Not Pogi,ff0000,ffffff,00:35:43,1608,4,00:51:55,1616,4,00:18:30,1630,4,-,-,-,-,-,-,01:46:08
2. Burrito &#127791;,4,1607,72072,HERC,ffffff,ff007f,00:44:56,1607,4,01:01:21,1607,4,00:25:02,1607,4,-,-,-,-,-,-,02:11:19
Dag Eidesen,4,1553,428535,ACE,ffffff,000000,00:35:11,1553,4,-,-,-,-,-,-,-,-,-,-,-,-,00:35:11
Kyle Sremaniak (GXY / SRT),4,1455,5880054,S R T,f7f700,1c30e8,00:38:04,1427,5,00:51:55,1454,4,00:19:16,1455,4,-,-,-,-,-,-,01:49:15
Jorge Fernandez Fernandez,5,1314,6991072,Team Not Pogi,ff0000,ffffff,00:38:28,1297,6,00:55:01,1300,5,00:19:45,1314,5,-,-,-,-,-,-,01:53:14
Ben Hartopp [SNOW],4,1461,412916,SNOW,ffffff,76bcfa,00:39:16,1461,4,-,-,-,-,-,-,-,-,-,-,-,-,00:39:16
Alex Stiene &#127482;&#127462; (TNP),7,1068,8149174,Team Not Pogi,ff0000,ffffff,00:39:47,1055,7,00:57:30,1058,7,00:21:04,1068,7,-,-,-,-,-,-,01:58:21
John Swift,6,1286,7185431,Team Not Pogi,ff0000,ffffff,00:39:52,1286,6,-,-,-,-,-,-,-,-,-,-,-,-,00:39:52
Sebastian Borquez,6,1161,355659,-,00dd00,,00:40:40,1161,6,-,-,-,-,-,-,-,-,-,-,-,-,00:40:40
John Pearce,7,1099,2750716,TBG,f50202,04e765,00:41:27,1099,7,-,-,-,-,-,-,-,-,-,-,-,-,00:41:27
Andrew Lowrie,6,1209,5523173,-,00dd00,,00:42:30,1209,6,-,-,-,-,-,-,-,-,-,-,-,-,00:42:30
Magnus Morel,9,731,6455483,-,00dd00,,00:44:58,731,9,-,-,-,-,-,-,-,-,-,-,-,-,00:44:58
Andy Morton (TNP),8,901,1475359,Team Not Pogi,ff0000,ffffff,00:41:36,900,8,01:01:29,896,8,00:23:28,901,8,-,-,-,-,-,-,02:06:33
Philip Gill,9,653,7963870,-,00dd00,,00:45:14,653,9,-,-,-,-,-,-,-,-,-,-,-,-,00:45:14
Gert Segers [WATT],1,2684,1028135,The Watt Squad,efbf04,161617,00:32:25,2684,1,-,-,-,-,-,-,-,-,-,-,-,-,00:32:25
Michael Mansfield,1,3075,25864,Team CRYO-GEN,ffffff,009fe3,00:32:25,3075,1,-,-,-,-,-,-,-,-,-,-,-,-,00:32:25
Christopher Keogh [eSRT],1,2965,4980720,eSRT,40bad1,000000,00:32:27,2965,1,00:48:56,2965,1,-,-,-,-,-,-,-,-,-,01:21:23
Kevin Hodges | NeXT pb Enshored,1,2532,590093,NeXT pb ENSH,133f5e,87ceeb,00:32:42,2532,1,-,-,-,-,-,-,-,-,-,-,-,-,00:32:42
Wilson [GTR E-Racing],1,2613,323637,GTR E-Racing,ff009a,003286,00:32:44,2613,1,-,-,-,-,-,-,-,-,-,-,-,-,00:32:44
David Johnson,1,2289,478958,Team Not Pogi,ff0000,ffffff,00:33:02,2302,1,00:48:58,2280,1,00:16:45,2289,1,-,-,-,-,-,-,01:38:45
Peru Reyzabal,1,2298,7327056,HISP,ff0055,00ffc3,00:33:09,2285,1,00:46:32,2298,1,-,-,-,-,-,-,-,-,-,01:19:41
BEHE Peter Gilmore,2,2038,2765354,DIRT,29ec34,211208,00:33:32,2038,2,-,-,-,-,-,-,-,-,-,-,-,-,00:33:32
Kevin Plasmans,2,2168,2966589,ZWB Cycling,b68d40,003b49,00:33:33,2168,2,-,-,-,-,-,-,-,-,-,-,-,-,00:33:33
Peter Van Win [WATT],1,2334,256592,The Watt Squad,efbf04,161617,00:33:33,2334,1,-,-,-,-,-,-,-,-,-,-,-,-,00:33:33
Coach lak (TNP),2,2081,5023963,Team Not Pogi,ff0000,ffffff,00:33:33,2074,2,00:53:00,2064,2,00:17:09,2081,2,-,-,-,-,-,-,01:43:42
Morten Kallevig [V],2,1926,5211698,Vikings,c2c2c2,0073b7,00:33:34,1926,2,-,-,-,-,-,-,-,-,-,-,-,-,00:33:34
Jack  Matthews,2,2177,149551,-,00dd00,,00:33:34,2177,2,-,-,-,-,-,-,-,-,-,-,-,-,00:33:34
William Smith (RollCo/TNP),3,1863,7053041,Team Not Pogi,ff0000,ffffff,00:33:35,1845,3,00:50:36,1849,3,00:17:39,1863,3,-,-,-,-,-,-,01:41:50
Marcel Hies,2,1991,859376,LEVEL Esports,ffffff,5ce409,00:33:36,1991,2,-,-,-,-,-,-,-,-,-,-,-,-,00:33:36
Aled Jones,1,2280,5893609,Team Not Pogi,ff0000,ffffff,00:37:39,2250,1,00:48:56,2265,1,00:15:57,2280,1,-,-,-,-,-,-,01:42:32
Chris Cayford,2,2069,2802797,Team Velos,b2ffff,002fa7,00:33:00,2069,2,-,-,-,-,-,-,-,-,-,-,-,-,00:33:00
Thomas Mutz,3,1676,5139632,-,00dd00,,00:33:33,1640,4,00:50:36,1674,3,00:17:47,1676,3,-,-,-,-,-,-,01:41:56
Sem VH,3,1729,5877680,COERS,ebeb00,051826,00:33:34,1727,3,00:48:58,1731,3,00:17:34,1729,3,-,-,-,-,-,-,01:40:06
Rob Wainwright  (Corona Zwifters),3,1856,399027,Corona Zwifters,ffffff,0073b7,00:33:34,1856,3,-,-,-,-,-,-,-,-,-,-,-,-,00:33:34
Erlend Olsen,3,1685,165731,BAB,0e036f,fc0000,00:34:11,1685,3,-,-,-,-,-,-,-,-,-,-,-,-,00:34:11
kristian Mikkelsen,3,1681,1090073,CK 2020,00beed,033081,00:34:16,1681,3,-,-,-,-,-,-,-,-,-,-,-,-,00:34:16
Niclas M&aelig;hle (TNP),3,1780,6896224,Team Not Pogi,ff0000,ffffff,00:34:44,1780,3,-,-,-,-,-,-,-,-,-,-,-,-,00:34:44
ben dart,4,1593,386045,-,00dd00,,00:35:17,1593,4,-,-,-,-,-,-,-,-,-,-,-,-,00:35:17
Adam Britton,4,1616,7053189,DIRT,29ec34,211208,00:35:42,1616,4,-,-,-,-,-,-,-,-,-,-,-,-,00:35:42
Greg Doucette bodybuilder,3,1764,616484,HTLT,f3f300,000000,00:36:43,1732,3,-,-,-,00:19:48,1764,3,-,-,-,-,-,-,00:56:31
Phillip Reynolds (LEQPxHunters),3,1687,987284,L&rsquo;Equipe Provence,231d68,b1d9b8,00:37:39,1687,3,-,-,-,-,-,-,-,-,-,-,-,-,00:37:39
Daniel Kent,4,1585,5119381,Team Not Pogi,ff0000,ffffff,00:39:06,1585,4,-,-,-,-,-,-,-,-,-,-,-,-,00:39:06
Pedro Leal,8,876,2292674,-,00dd00,,00:42:05,876,8,-,-,-,-,-,-,-,-,-,-,-,-,00:42:05
Michael Leesing,4,1627,6014895,TBR Racing,ffffff,709c86,00:33:37,1627,4,-,-,-,-,-,-,-,-,-,-,-,-,00:33:37
Luke van Harskamp,4,1604,7410098,-,00dd00,,00:34:08,1417,5,00:52:44,1441,5,00:17:31,1604,4,-,-,-,-,-,-,01:44:23
sheldon White (BAKPDL B3),4,1543,1583793,BAKPDL,000000,ffffff,00:39:05,1543,4,-,-,-,-,-,-,-,-,-,-,-,-,00:39:05
Richard Finch,6,1177,7141546,-,00dd00,,00:39:08,1177,6,-,-,-,-,-,-,-,-,-,-,-,-,00:39:08
Justin Draper [Fellowship],5,1338,7455653,Team Not Pogi,ff0000,ffffff,00:39:08,1387,5,00:57:29,1381,5,00:21:46,1338,5,-,-,-,-,-,-,01:58:23
Dirk Richter,5,1375,1014346,ZRG,1bc1f1,3d3d3d,00:39:08,1375,5,-,-,-,-,-,-,-,-,-,-,-,-,00:39:08
Andy Westall,5,1393,2711036,SWCC,ffffff,0073b7,00:40:55,1393,5,-,-,-,-,-,-,-,-,-,-,-,-,00:40:55
Cara Lockwood (RollCo),6,1231,6311848,RollCo,8b5cf6,f2f0ef,00:41:22,1203,6,-,-,-,00:19:54,1231,6,-,-,-,-,-,-,01:01:16
Mads Gronbek [DBR],5,1322,2560943,DBR,ffffff,213ed6,00:42:08,1322,5,-,-,-,-,-,-,-,-,-,-,-,-,00:42:08
Ed Ferebee (Rhino),8,965,6842342,RHINO,ff66c4,272c52,00:43:00,958,8,01:02:07,959,8,00:22:56,965,8,-,-,-,-,-,-,02:08:03
Aidan Novis (RHINO),9,806,3228186,RHINO,ff66c4,272c52,00:44:09,807,9,01:02:21,806,9,00:23:16,806,9,-,-,-,-,-,-,02:09:46
Chris Shelton (OTR),2,1933,396741,OTR Racing,41ad92,000000,00:36:38,1926,2,00:52:58,1933,2,-,-,-,-,-,-,-,-,-,01:29:36
Ron Peterson,2,2009,2360016,LEVEL Esports,ffffff,5ce409,00:37:18,2009,2,-,-,-,-,-,-,-,-,-,-,-,-,00:37:18
Nathan Gerdts (SISU),4,1511,5523806,SISU Racing,ffffff,1f1582,00:39:03,1511,4,-,-,-,-,-,-,-,-,-,-,-,-,00:39:03
Brian Pryor,5,1343,3656,-,00dd00,,00:39:28,1343,5,-,-,-,-,-,-,-,-,-,-,-,-,00:39:28
Cristian Montero,5,1420,3053558,-,00dd00,,00:39:29,1420,5,-,-,-,-,-,-,-,-,-,-,-,-,00:39:29
Fernando 7567,6,1220,171120,-,00dd00,,00:41:32,1220,6,00:57:06,1220,6,-,-,-,-,-,-,-,-,-,01:38:38
Jorge Ar&eacute;valo,6,1229,4801108,Velo&#039;Z,ffffff,0073b7,00:39:27,1229,6,-,-,-,-,-,-,-,-,-,-,-,-,00:39:27
Mailan Kimsuan [ZIRT],9,681,2505328,&#127470;&#127465; Z I R T,ffffff,ffa500,00:50:01,681,9,-,-,-,-,-,-,-,-,-,-,-,-,00:50:01
Jason Spiker (DDIRC),7,1056,6478454,-,00dd00,,00:43:33,1066,7,01:00:19,1056,7,00:23:25,1056,7,-,-,-,-,-,-,02:07:17
Adrian ZC,8,900,5805064,Momentum CR,ffffff,289ff0,00:51:08,900,8,-,-,-,-,-,-,-,-,-,-,-,-,00:51:08
Leslie Koh,10,512,4175869,-,00dd00,,00:51:08,512,10,-,-,-,-,-,-,-,-,-,-,-,-,00:51:08
MNB,1,2357,2740804,Road2&#129412;,fff000,ff0000,-,-,-,00:51:09,2357,1,-,-,-,-,-,-,-,-,-,00:51:09
Jason Robinson,1,2230,733160,4STAR,c2a406,3434c9,-,-,-,00:51:58,2230,1,-,-,-,-,-,-,-,-,-,00:51:58
Rex  Tan,3,1710,378499,ZPH Philippines,ffffff,64e1f6,-,-,-,00:53:12,1710,3,-,-,-,-,-,-,-,-,-,00:53:12
Joshua Bramah,4,1488,762790,-,00dd00,,-,-,-,00:54:08,1488,4,-,-,-,-,-,-,-,-,-,00:54:08
Oliver Slowboi (TNP),3,1744,5070491,Team Not Pogi,ff0000,ffffff,-,-,-,00:54:11,1751,3,00:18:59,1744,3,-,-,-,-,-,-,01:13:10
Tony Cal [TSE],4,1495,2988740,TSE,c32323,f5fc72,-,-,-,00:54:37,1495,4,-,-,-,-,-,-,-,-,-,00:54:37
Eugene Shuster,3,1663,2914276,-,00dd00,,-,-,-,01:03:19,1663,3,-,-,-,-,-,-,-,-,-,01:03:19
Shige Haru,7,1122,2719592,-,00dd00,,-,-,-,00:59:50,1122,7,-,-,-,-,-,-,-,-,-,00:59:50
Arif Wijayanto,9,813,141020,ZID,ffffff,0073b7,-,-,-,01:02:25,813,9,-,-,-,-,-,-,-,-,-,01:02:25
Genaro Nu&ntilde;ez,1,2543,2005596,RHINO,ff66c4,272c52,-,-,-,00:52:56,2543,1,-,-,-,-,-,-,-,-,-,00:52:56
Gary Forbes (TFC),3,1787,1216589,TFC,111111,f3f300,-,-,-,00:52:57,1787,3,-,-,-,-,-,-,-,-,-,00:52:57
Naohide Hamamoto [ZWC],2,1994,112188,TEAM ZWC,f70f66,140b0b,-,-,-,00:55:49,1994,2,-,-,-,-,-,-,-,-,-,00:55:49
mark R,3,1671,3922043,-,00dd00,,-,-,-,00:53:06,1671,3,-,-,-,-,-,-,-,-,-,00:53:06
Sam Mack (BPCC),3,1753,2235233,BPCC,150202,4bb65e,-,-,-,00:54:38,1753,3,-,-,-,-,-,-,-,-,-,00:54:38
Barrie &#128059;&#10084;&#65039;&#128060; (Rhino),3,1743,1686828,RHINO,ff66c4,272c52,-,-,-,00:57:24,1743,3,-,-,-,-,-,-,-,-,-,00:57:24
Travis  Gouchie,5,1383,425442,-,00dd00,,-,-,-,00:57:31,1383,5,-,-,-,-,-,-,-,-,-,00:57:31
Michael Lindsay,7,1022,29468,WMZ,d53535,991199,-,-,-,00:58:05,1022,7,-,-,-,-,-,-,-,-,-,00:58:05
Jamie Roy,6,1244,1516811,Stages Cycling,ffffff,0073b7,-,-,-,00:57:27,1244,6,-,-,-,-,-,-,-,-,-,00:57:27
Ron Clarino TeamODZ,8,965,222765,TeamODZ,ff851b,111111,-,-,-,01:05:08,965,8,-,-,-,-,-,-,-,-,-,01:05:08
Danny Postell GCC,9,655,1803114,-,00dd00,,-,-,-,01:05:25,655,9,-,-,-,-,-,-,-,-,-,01:05:25
Stuart  Campbell,3,1680,554716,-,00dd00,,-,-,-,00:55:09,1680,3,-,-,-,-,-,-,-,-,-,00:55:09
JV Allstar,4,1589,4658861,DIRT,29ec34,211208,-,-,-,00:55:10,1589,4,-,-,-,-,-,-,-,-,-,00:55:10
Tim van Reusel,5,1408,7326627,-,00dd00,,-,-,-,00:55:17,1408,5,-,-,-,-,-,-,-,-,-,00:55:17
Marc Singer,5,1335,4439897,T3 Philly,ffffff,0073b7,-,-,-,00:55:11,1335,5,-,-,-,-,-,-,-,-,-,00:55:11
L. auritz,1,2823,1411716,Team RWB,ffffff,11534e,-,-,-,00:46:29,2823,1,-,-,-,-,-,-,-,-,-,00:46:29
Nick Baberuxki,1,2842,432656,Talent:frei p/b Baldiso,070100,ffffff,-,-,-,00:46:30,2842,1,-,-,-,-,-,-,-,-,-,00:46:30
Tibo Peeters,1,3406,8389020,-,00dd00,,-,-,-,00:46:30,3283,1,00:13:49,3406,1,-,-,-,-,-,-,01:00:19
Yannik Magnussen,1,2390,6279252,-,00dd00,,-,-,-,00:46:31,2390,1,-,-,-,-,-,-,-,-,-,00:46:31
Thomas Grill (TSE),1,2433,2133020,TSE,c32323,f5fc72,-,-,-,00:46:31,2433,1,-,-,-,-,-,-,-,-,-,00:46:31
Jan Lichtwark,1,2576,1215790,eSRT,40bad1,000000,-,-,-,00:46:31,2576,1,-,-,-,-,-,-,-,-,-,00:46:31
Wib Wob,1,2613,6169388,&#129420; HCT &#129420;,ffcd00,006eb6,-,-,-,00:46:31,2613,1,-,-,-,-,-,-,-,-,-,00:46:31
Alexander Laustsen,1,2429,5175624,WSport,ffffff,0073b7,-,-,-,00:46:31,2429,1,-,-,-,-,-,-,-,-,-,00:46:31
Chris Bolwell,1,2515,3610784,RHINO,ff66c4,272c52,-,-,-,00:46:35,2515,1,-,-,-,-,-,-,-,-,-,00:46:35
Hugo Bled [A-P-V],1,2506,5323414,A-P-V,ffffff,0073b7,-,-,-,00:46:36,2506,1,-,-,-,-,-,-,-,-,-,00:46:36
Steven Garr&eacute; [WATT],1,2358,3605728,The Watt Squad,efbf04,161617,-,-,-,00:48:05,2358,1,-,-,-,-,-,-,-,-,-,00:48:05
&Oslash;yvind Str&oslash;msholm Pettersen [V],2,2179,4651511,Vikings,c2c2c2,0073b7,-,-,-,00:48:13,2179,2,-,-,-,-,-,-,-,-,-,00:48:13
Dominick Brookes [Freakshow],1,2254,51761,[DRAFT],ffffff,f70707,-,-,-,00:50:36,2254,1,-,-,-,-,-,-,-,-,-,00:50:36
Kester Dobson [SDW],2,2072,2871165,SDW,000000,f3f300,-,-,-,00:56:47,2072,2,-,-,-,-,-,-,-,-,-,00:56:47
Ryan Quinn,3,1743,6816163,-,00dd00,,-,-,-,00:50:36,1743,3,-,-,-,-,-,-,-,-,-,00:50:36
...  Steelo [GXY],4,1474,212407,[GALAXY],ffffff,7014f2,-,-,-,00:51:56,1474,4,-,-,-,-,-,-,-,-,-,00:51:56
Trevan Burn [Rhino],5,1328,5398854,RHINO,ff66c4,272c52,-,-,-,00:51:56,1328,5,-,-,-,-,-,-,-,-,-,00:51:56
Laurent Dumondelle&#9889;[Foudre],5,1404,2602856,&#9889;&#65039;Team Foudre&#9889;&#65039;,161c68,40bcff,-,-,-,00:51:57,1404,5,-,-,-,-,-,-,-,-,-,00:51:57
Juan The One,4,1488,937639,Team Italy,dd4b39,ffffff,-,-,-,00:51:58,1488,4,-,-,-,-,-,-,-,-,-,00:51:58
Duncan Donnay,6,1285,5334082,-,00dd00,,-,-,-,00:52:00,1285,6,-,-,-,-,-,-,-,-,-,00:52:00
Ronny Holen [ZU4R],4,1561,281255,ZU4R eSport,ffffff,000000,-,-,-,00:52:01,1561,4,-,-,-,-,-,-,-,-,-,00:52:01
Stephen Collins,4,1497,12812,VRR,ffffff,0073b7,-,-,-,00:52:02,1497,4,-,-,-,-,-,-,-,-,-,00:52:02
Antonie Vervenne,4,1591,6997582,CMC,ffffff,ff0606,-,-,-,00:54:26,1591,4,-,-,-,-,-,-,-,-,-,00:54:26
Chris Cremer,3,1713,2396817,SISU Racing,ffffff,1f1582,-,-,-,00:54:58,1713,3,-,-,-,-,-,-,-,-,-,00:54:58
Marco Roetert Steenbruggen,3,1691,2878630,TeamNL,ffffff,ffa500,-,-,-,00:55:02,1691,3,-,-,-,-,-,-,-,-,-,00:55:02
D Welch,4,1520,467712,ROCA,ffffff,c02b44,-,-,-,00:55:02,1520,4,-,-,-,-,-,-,-,-,-,00:55:02
Christophe Chris [BIKES-FR],5,1401,6118343,-,00dd00,,-,-,-,00:50:43,1401,5,-,-,-,-,-,-,-,-,-,00:50:43
Adam Sternfield,6,1290,8198222,-,00dd00,,-,-,-,00:51:57,1290,6,-,-,-,-,-,-,-,-,-,00:51:57
Tom Bradley,7,1105,870613,-,00dd00,,-,-,-,00:55:00,1105,7,-,-,-,-,-,-,-,-,-,00:55:00
Zsolt Kun-Szabo,5,1328,1392843,-,00dd00,,-,-,-,00:55:01,1328,5,-,-,-,-,-,-,-,-,-,00:55:01
Steve Boon (GXY),7,1137,1538062,[GALAXY],ffffff,7014f2,-,-,-,00:55:01,1137,7,-,-,-,-,-,-,-,-,-,00:55:01
Shane King,6,1237,5254437,R4CF.,ff0000,ffffff,-,-,-,00:55:21,1237,6,-,-,-,-,-,-,-,-,-,00:55:21
Lorenzo Meciani (CAY),7,1073,1813848,Dogs-Pigs,1c0a0a,0ef283,-,-,-,00:56:49,1073,7,-,-,-,-,-,-,-,-,-,00:56:49
john hoffmann6976,6,1245,2498104,-,00dd00,,-,-,-,00:57:28,1245,6,-,-,-,-,-,-,-,-,-,00:57:28
Fabien V,6,1205,7812757,-,00dd00,,-,-,-,00:57:46,1205,6,-,-,-,-,-,-,-,-,-,00:57:46
Paul Potter (HERC),6,1281,2588094,HERC,ffffff,ff007f,-,-,-,00:57:58,1281,6,-,-,-,-,-,-,-,-,-,00:57:58
Carl,9,846,322205,DIRT,29ec34,211208,-,-,-,00:59:58,846,9,-,-,-,-,-,-,-,-,-,00:59:58
Artur Burdasz,8,959,323245,ZTPL.CC,ffffff,ff1800,-,-,-,01:01:29,959,8,-,-,-,-,-,-,-,-,-,01:01:29
psf,7,1044,6074299,WCC,ffffff,f50e0e,-,-,-,01:01:37,1044,7,-,-,-,-,-,-,-,-,-,01:01:37
Brian Benner (HERC),8,844,5491339,HERC,ffffff,ff007f,-,-,-,01:01:29,856,8,00:24:42,844,9,-,-,-,-,-,-,01:26:11
Robert Armitage  Herc,9,713,1188059,HERC,ffffff,ff007f,-,-,-,01:03:30,713,9,-,-,-,-,-,-,-,-,-,01:03:30
&#321;ukasz Karasi&#324;ski,10,412,8275344,-,00dd00,,-,-,-,01:09:47,412,10,-,-,-,-,-,-,-,-,-,01:09:47
Benjamin Sommervoll,9,684,5906097,-,00dd00,,-,-,-,01:01:29,684,9,-,-,-,-,-,-,-,-,-,01:01:29
Ray McCaughey TNP,1,2661,113282,Team Not Pogi,ff0000,ffffff,-,-,-,00:48:55,2654,1,00:15:34,2661,1,-,-,-,-,-,-,01:04:29
Quentin Vee [EVO],2,2091,5402095,EVOLUTION,ff09ff,2e1c1c,-,-,-,00:48:56,2090,2,00:16:21,2091,2,-,-,-,-,-,-,01:05:17
Tom R Everested  (TNP),2,1914,374410,BIKELY,ffffff,000000,-,-,-,00:48:56,1908,2,00:17:09,1914,2,-,-,-,-,-,-,01:06:05
Jacob Ingram,2,2019,88513,EVOLUTION,ff09ff,2e1c1c,-,-,-,00:48:56,2032,2,00:18:56,2019,2,-,-,-,-,-,-,01:07:52
Den Morrison,2,2072,679077,DIRT,29ec34,211208,-,-,-,00:48:57,2072,2,-,-,-,-,-,-,-,-,-,00:48:57
Ben Howell,2,2055,2213032,-,00dd00,,-,-,-,00:48:58,2038,2,00:15:45,2055,2,-,-,-,-,-,-,01:04:43
Mark Redfern [EVO],3,1866,394612,EVOLUTION,ff09ff,2e1c1c,-,-,-,00:49:45,1866,3,-,-,-,-,-,-,-,-,-,00:49:45
Jens Liljekrok [OUT]&#128023;,2,2150,825891,OUT,f1dd38,000080,-,-,-,00:48:56,2150,2,-,-,-,-,-,-,-,-,-,00:48:56
Blair Rouse KSBT,4,1632,350918,-,00dd00,,-,-,-,00:48:58,1632,4,-,-,-,-,-,-,-,-,-,00:48:58
Nikolay Hristozov,4,1514,4864134,SISU Racing,ffffff,1f1582,-,-,-,00:51:36,1514,4,-,-,-,-,-,-,-,-,-,00:51:36
Tim Baldwin,4,1474,2797292,-,00dd00,,-,-,-,00:52:43,1474,4,-,-,-,-,-,-,-,-,-,00:52:43
Corey Green (YT) GarageCycling,5,1368,4166463,-,00dd00,,-,-,-,00:53:14,1375,5,00:20:41,1368,5,-,-,-,-,-,-,01:13:55
Casey Morgan,4,1499,7513624,-,00dd00,,-,-,-,00:53:14,1499,4,-,-,-,-,-,-,-,-,-,00:53:14
ts &#128737;&#65039;[HERC],5,1312,2881429,HERC,ffffff,ff007f,-,-,-,00:54:40,1311,5,00:20:55,1312,5,-,-,-,-,-,-,01:15:35
Kasper Steadywheel,5,1367,7589756,-,00dd00,,-,-,-,00:54:41,1367,5,-,-,-,-,-,-,-,-,-,00:54:41
Suzie &#128006;&#128142;,4,1529,1005102,HERC,ffffff,ff007f,-,-,-,00:54:45,1518,4,00:18:45,1529,4,-,-,-,-,-,-,01:13:30
Neil Rogers,5,1355,1236596,[GALAXY],ffffff,7014f2,-,-,-,00:54:51,1354,5,00:20:30,1355,5,-,-,-,-,-,-,01:15:21
Jerome Wigger,7,1125,746687,-,00dd00,,-,-,-,01:00:48,1125,7,-,-,-,-,-,-,-,-,-,01:00:48
Richard Emblen,6,1296,3083458,HERC,ffffff,ff007f,-,-,-,00:54:44,1296,6,-,-,-,-,-,-,-,-,-,00:54:44
3 Javier (HERC),6,1242,2297188,HERC,ffffff,ff007f,-,-,-,00:54:44,1242,6,-,-,-,-,-,-,-,-,-,00:54:44
David Irwin,7,1076,7779078,HERC,ffffff,ff007f,-,-,-,00:54:45,1077,7,00:21:29,1076,7,-,-,-,-,-,-,01:16:14
Nick Kelly [4STAR],6,1180,6208865,4STAR,c2a406,3434c9,-,-,-,00:54:46,1180,6,-,-,-,-,-,-,-,-,-,00:54:46
Simon  Harvey,7,1034,5530576,COALITION,ffffff,ff00ff,-,-,-,00:57:29,1034,7,-,-,-,-,-,-,-,-,-,00:57:29
david white (HERC),7,1075,1379058,HERC,ffffff,ff007f,-,-,-,00:57:29,1091,7,00:23:10,1075,7,-,-,-,-,-,-,01:20:39
oliver johnson,6,1239,5469869,-,00dd00,,-,-,-,00:57:29,1239,6,-,-,-,-,-,-,-,-,-,00:57:29
Ryan Dagooc,6,1205,1640002,4STAR,c2a406,3434c9,-,-,-,00:57:30,1205,6,-,-,-,-,-,-,-,-,-,00:57:30
Kim YUU,8,881,6513233,HERC,ffffff,ff007f,-,-,-,00:59:34,881,8,-,-,-,-,-,-,-,-,-,00:59:34
Ant Vine,8,881,4327638,HERC,ffffff,ff007f,-,-,-,00:57:32,881,8,-,-,-,-,-,-,-,-,-,00:57:32
sean carter [WMZ],9,843,7283905,WMZ,d53535,991199,-,-,-,00:57:32,843,9,-,-,-,-,-,-,-,-,-,00:57:32
Stephen Groundwater [HERC),9,786,3294901,HERC,ffffff,ff007f,-,-,-,00:57:48,807,9,00:25:01,786,9,-,-,-,-,-,-,01:22:49
Jason Gillespie (Orkney CC),9,844,6001405,-,00dd00,,-,-,-,00:58:46,844,9,-,-,-,-,-,-,-,-,-,00:58:46
Claire Greensides [HERC],8,884,2648548,HERC,ffffff,ff007f,-,-,-,00:59:34,887,8,00:24:57,884,8,-,-,-,-,-,-,01:24:31
Vonita,8,925,832585,HERC,ffffff,ff007f,-,-,-,00:59:34,915,8,00:22:28,925,8,-,-,-,-,-,-,01:22:02
Tom Been,1,2322,2185142,CONED,ffffff,343844,-,-,-,00:50:40,2322,1,-,-,-,-,-,-,-,-,-,00:50:40
Wolfi Mayer,1,2362,4589415,-,00dd00,,-,-,-,00:50:40,2362,1,-,-,-,-,-,-,-,-,-,00:50:40
Andrea Tritto (ITA),1,2350,4832739,Team Italy,dd4b39,ffffff,-,-,-,00:50:46,2350,1,-,-,-,-,-,-,-,-,-,00:50:46
Mads K&uuml;hn,2,2089,918014,POW.&#1071;,75c4e2,28303a,-,-,-,00:51:42,2089,2,-,-,-,-,-,-,-,-,-,00:51:42
Johan Olivier,2,2088,418891,CMC,ffffff,ff0606,-,-,-,00:51:48,2088,2,-,-,-,-,-,-,-,-,-,00:51:48
Benjamin Howe,4,1560,5143203,-,00dd00,,-,-,-,00:52:28,1560,4,-,-,-,-,-,-,-,-,-,00:52:28
Reinhold Brezovszky [HERC/FS],6,1223,25,HERC,ffffff,ff007f,-,-,-,00:52:58,1221,6,00:20:56,1223,6,-,-,-,-,-,-,01:13:54
Morten  Bach  Jepsen,6,1280,1846053,DBR,ffffff,213ed6,-,-,-,00:52:59,1280,6,-,-,-,-,-,-,-,-,-,00:52:59
Fredrik Ringstr&ouml;m [SZ],5,1319,83438,SZ,ffffff,285697,-,-,-,00:53:26,1319,5,-,-,-,-,-,-,-,-,-,00:53:26
L Andersen,6,1213,7537822,-,00dd00,,-,-,-,00:57:53,1213,6,-,-,-,-,-,-,-,-,-,00:57:53
Christopher Lindskjold,6,1154,127887,DBR,ffffff,213ed6,-,-,-,00:58:18,1154,6,-,-,-,-,-,-,-,-,-,00:58:18
Luke O&#039;Connor,6,1169,781031,Tamworth CC,ffffff,0e9df2,-,-,-,01:04:59,1169,6,-,-,-,-,-,-,-,-,-,01:04:59
Alan Robertson,6,1178,5609162,Team Not Pogi,ff0000,ffffff,-,-,-,01:05:05,1178,6,-,-,-,-,-,-,-,-,-,01:05:05
PORK CHOP,3,1790,2541068,-,00dd00,,-,-,-,-,-,-,00:17:44,1790,3,-,-,-,-,-,-,00:17:44
Lance Loveday (Victory Velo Racing),4,1618,35500,Victory Velo Racing,ffffff,0073b7,-,-,-,-,-,-,00:18:34,1618,4,-,-,-,-,-,-,00:18:34
Steve D&#039;Alessandro (Coalition),9,758,5410692,COALITION,ffffff,ff00ff,-,-,-,-,-,-,00:30:36,758,9,-,-,-,-,-,-,00:30:36
Evan Bayer,1,2566,2264689,COALITION,ffffff,ff00ff,-,-,-,-,-,-,00:16:19,2566,1,-,-,-,-,-,-,00:16:19
Ethan Smith,2,1904,7721955,-,00dd00,,-,-,-,-,-,-,00:17:37,1904,2,-,-,-,-,-,-,00:17:37
F. Lofsgaard (Oslofjord),3,1833,2897364,-,00dd00,,-,-,-,-,-,-,00:17:06,1833,3,-,-,-,-,-,-,00:17:06
Chris Beardsell (TNP),4,1490,3785513,Team Not Pogi,ff0000,ffffff,-,-,-,-,-,-,00:19:26,1490,4,-,-,-,-,-,-,00:19:26
Matt Whisker,7,1103,4115593,-,00dd00,,-,-,-,-,-,-,00:20:44,1103,7,-,-,-,-,-,-,00:20:44
Matt Taylor (Charlies Angels Full Throttle),7,1007,1383115,CAFT,000000,ffffff,-,-,-,-,-,-,00:21:39,1007,7,-,-,-,-,-,-,00:21:39
Ryan Gower,9,661,5244070,-,00dd00,,-,-,-,-,-,-,00:25:22,661,9,-,-,-,-,-,-,00:25:22
Joe Limke,9,682,6977747,-,00dd00,,-,-,-,-,-,-,00:29:32,682,9,-,-,-,-,-,-,00:29:32
Joe Kierce,1,2230,7315891,-,00dd00,,-,-,-,-,-,-,00:15:47,2230,1,-,-,-,-,-,-,00:15:47
Jacob Krebs[LOK],1,2466,619959,-,00dd00,,-,-,-,-,-,-,00:16:21,2466,1,-,-,-,-,-,-,00:16:21
Chris St.,1,2554,397809,A-P-V,ffffff,0073b7,-,-,-,-,-,-,00:16:34,2554,1,-,-,-,-,-,-,00:16:34
Rolf Lautenbacher (Bollerwagen),4,1600,470505,Bollerwagen,64db14,0b0d09,-,-,-,-,-,-,00:18:54,1600,4,-,-,-,-,-,-,00:18:54
Mattias Wahlbeck [eSRT],1,2302,872970,eSRT,40bad1,000000,-,-,-,-,-,-,00:19:27,2302,1,-,-,-,-,-,-,00:19:27
Jeremy Gourd (FUTURE),2,2037,884889,FUTR,ceff00,0000ef,-,-,-,-,-,-,00:16:20,2037,2,-,-,-,-,-,-,00:16:20
Jan Ivar  Bringedal [V],2,2020,150473,Vikings,c2c2c2,0073b7,-,-,-,-,-,-,00:17:19,2020,2,-,-,-,-,-,-,00:17:19
Tonne (DIRT),3,1741,3029902,DIRT,29ec34,211208,-,-,-,-,-,-,00:18:58,1741,3,-,-,-,-,-,-,00:18:58
Alexey Tikhov (B),3,1657,4752321,MTBtraining,f72d04,ffffff,-,-,-,-,-,-,00:20:18,1657,3,-,-,-,-,-,-,00:20:18
Alex Leonard,5,1344,7775038,-,00dd00,,-,-,-,-,-,-,00:20:58,1344,5,-,-,-,-,-,-,00:20:58
Connor Wilm,6,1183,6856298,-,00dd00,,-,-,-,-,-,-,00:22:44,1183,6,-,-,-,-,-,-,00:22:44
Prz Luca,6,1221,113124,-,00dd00,,-,-,-,-,-,-,00:20:25,1221,6,-,-,-,-,-,-,00:20:25
Stefaan Lampaert,8,898,1607886,BZR eCycling Club,ffe903,111111,-,-,-,-,-,-,00:22:34,898,8,-,-,-,-,-,-,00:22:34
Julia Umbrello [eSRT],8,922,5338314,eSRT,40bad1,000000,-,-,-,-,-,-,00:22:55,922,8,-,-,-,-,-,-,00:22:55
Austin H,9,735,2702018,-,00dd00,,-,-,-,-,-,-,00:24:28,735,9,-,-,-,-,-,-,00:24:28
Ian Lovely,9,808,4744093,-,00dd00,,-,-,-,-,-,-,00:26:35,808,9,-,-,-,-,-,-,00:26:35
John Rae,10,485,7932168,-,00dd00,,-,-,-,-,-,-,00:27:07,485,10,-,-,-,-,-,-,00:27:07
Philip Gkikas CAAT &#128076;,10,368,2522641,-,00dd00,,-,-,-,-,-,-,00:28:26,368,10,-,-,-,-,-,-,00:28:26
Markel Sierra,1,2565,6172013,Team RWB,ffffff,11534e,-,-,-,-,-,-,00:16:54,2565,1,-,-,-,-,-,-,00:16:54
T Ired (DIRTy Rascals Rogue),2,1961,772499,DIRT,29ec34,211208,-,-,-,-,-,-,00:17:55,1961,2,-,-,-,-,-,-,00:17:55
Steffen Schulz (HCH.CC),4,1563,42498,HCH.CC,000080,ffff00,-,-,-,-,-,-,00:19:06,1563,4,-,-,-,-,-,-,00:19:06
Ian Stokes,8,987,7291113,Team Not Pogi,ff0000,ffffff,-,-,-,-,-,-,00:22:09,987,8,-,-,-,-,-,-,00:22:09
FELIX CALVO POO,9,804,4812330,-,00dd00,,-,-,-,-,-,-,00:22:39,804,9,-,-,-,-,-,-,00:22:39
Daniel Pink,1,2852,1627974,Bol,ffffff,0073b7,-,-,-,-,-,-,00:16:00,2852,1,-,-,-,-,-,-,00:16:00
anas samman,5,1351,8436825,-,00dd00,,-,-,-,-,-,-,00:18:14,1351,5,-,-,-,-,-,-,00:18:14
Takuma Kanehira,7,1076,6740030,-,00dd00,,-,-,-,-,-,-,00:19:36,1076,7,-,-,-,-,-,-,00:19:36
Kashiwa no Ha Campus Seikeigeka,5,1363,134456,-,00dd00,,-,-,-,-,-,-,00:22:08,1363,5,-,-,-,-,-,-,00:22:08
K.O.&#128048;[TMR],5,1393,5244607,-,00dd00,,-,-,-,-,-,-,00:38:31,1393,5,-,-,-,-,-,-,00:38:31
Simon Richardson MBE PLY (Zwift)(PDQ Coaching)(ZTeam GXY/PDQ),9,755,281429,[GALAXY],ffffff,7014f2,-,-,-,-,-,-,00:25:17,755,9,-,-,-,-,-,-,00:25:17
